Drug Name,Drug ID,Cell Line Name,Cosmic ID,TCGA Classification,Tissue,Tissue Sub-type,IC50,AUC,Max Conc,RMSE,Z score,Dataset Version
Cisplatin,1005,BB30-HNC,753531,HNSC,aero_digestive_tract,head_and_neck,2.2169651687597449,.8679673733043074,10,.12126410321528197,-0.552008885,GDSC1
Cisplatin,1005,BB49-HNC,753532,HNSC,aero_digestive_tract,head_and_neck,4.0216132875495703,.94235121143180223,10,.040987906619320433,1.0378913580313798,GDSC1
Cisplatin,1005,BHY,753535,HNSC,aero_digestive_tract,head_and_neck,2.4403534466566952,.89269356943172551,10,.094500032825874256,-0.355203162,GDSC1
Cisplatin,1005,Ca9-22,753538,HNSC,aero_digestive_tract,head_and_neck,2.1404588331468513,.87365264207906268,10,.061033001479305689,-0.619411189,GDSC1
Cisplatin,1005,CAL-33,753541,HNSC,aero_digestive_tract,head_and_neck,2.2694544540936739,.8730834193766901,10,.1261636676742923,-0.505765672,GDSC1
Cisplatin,1005,HO-1-u-1,753561,HNSC,aero_digestive_tract,head_and_neck,2.8553930647984349,.93448433774199668,10,.089918635378389622,.010447949045438942,GDSC1
Cisplatin,1005,HSC-2,753562,HNSC,aero_digestive_tract,head_and_neck,3.0637870214417431,.94449664579413328,10,.079160056083675601,.19404363110330305,GDSC1
Cisplatin,1005,KOSC-2,753570,HNSC,aero_digestive_tract,head_and_neck,1.2580194171188912,.74173578979452492,10,.15231313337300229,-1.396842882,GDSC1
Cisplatin,1005,LB771-HNC,753583,HNSC,aero_digestive_tract,head_and_neck,2.7278088972476287,.88723728723258821,10,.211056264479906,-0.101954074,GDSC1
Cisplatin,1005,Detroit562,906837,HNSC,aero_digestive_tract,head_and_neck,3.1153020349156555,.94066998512486277,10,.036538136390225594,.23942850784016265,GDSC1
Cisplatin,1005,FADU,906863,HNSC,aero_digestive_tract,head_and_neck,2.3216792890875211,.88114911058165113,10,.11061968473350733,-0.45975544,GDSC1
Cisplatin,1005,HSC-3,907061,HNSC,aero_digestive_tract,head_and_neck,1.9895643593782641,.86969031332321656,10,.11107697439476862,-0.752349659,GDSC1
Cisplatin,1005,HSC-4,907062,HNSC,aero_digestive_tract,head_and_neck,.57359774994366675,.64477384675300986,10,.12423854603156814,-1.999820361,GDSC1
Cisplatin,1005,SAS,909708,HNSC,aero_digestive_tract,head_and_neck,1.7650769089001201,.81271164108409222,10,.20738084941589788,-0.950123756,GDSC1
Cisplatin,1005,SCC-9,909709,HNSC,aero_digestive_tract,head_and_neck,3.4891447216513813,.91605005955664809,10,.071972738613189174,.5687850024292489,GDSC1
Cisplatin,1005,SCC-25,910701,HNSC,aero_digestive_tract,head_and_neck,3.6094894116860887,.95023499246266185,10,.046451244921010687,.6748090244539483,GDSC1
Cisplatin,1005,SCC-4,910904,HNSC,aero_digestive_tract,head_and_neck,2.92876526326486,.90343310998583237,10,.084472738678532014,.075089069347143461,GDSC1
Cisplatin,1005,SCC-15,910911,HNSC,aero_digestive_tract,head_and_neck,3.2956359320601751,.9144300767011837,10,.12849722980702033,.39830319584788687,GDSC1
Cisplatin,1005,CAL-27,910916,HNSC,aero_digestive_tract,head_and_neck,1.8547486809426545,.83325019103063025,10,.091895253781938649,-0.871122664,GDSC1
Cisplatin,1005,DOK,910936,HNSC,aero_digestive_tract,head_and_neck,2.9979999470532515,.87809826408199609,10,.096463324685409177,.13608502718073381,GDSC1
Cisplatin,1005,HO-1-N-1,924111,HNSC,aero_digestive_tract,head_and_neck,2.4405910877948416,.89948674459657152,10,.11268814916530312,-0.354993799,GDSC1
Cisplatin,1005,BICR22,1240121,HNSC,aero_digestive_tract,head_and_neck,1.5244377733308268,.78013520285108684,10,.14031273564945276,-1.162127535,GDSC1
Cisplatin,1005,BICR78,1240122,HNSC,aero_digestive_tract,head_and_neck,1.8247915143267621,.80742875152551896,10,.10422495311521025,-0.897515015,GDSC1
Cisplatin,1005,JHU-011,1240161,HNSC,aero_digestive_tract,head_and_neck,1.5771947644205371,.8058651103497626,10,.10656799909499522,-1.115648472,GDSC1
Cisplatin,1005,JHU-022,1240162,HNSC,aero_digestive_tract,head_and_neck,2.756432648593651,.87953508778882683,10,.071495623815750337,-0.076736466,GDSC1
Cisplatin,1005,OSC-20,1240196,HNSC,aero_digestive_tract,head_and_neck,4.2328655414048928,.96246504927237919,10,.059073076221525661,1.2240052082483237,GDSC1
Cisplatin,1005,PCI-15A,1240204,HNSC,aero_digestive_tract,head_and_neck,4.7747993130766977,.98713075020998464,10,.031067364751081634,1.7014504376729784,GDSC1
Cisplatin,1005,PCI-38,1240205,HNSC,aero_digestive_tract,head_and_neck,2.2528708062109555,.86692066539596735,10,.12527234854099684,-0.520375914,GDSC1
Cisplatin,1005,PCI-6A,1240206,HNSC,aero_digestive_tract,head_and_neck,.57712960973534899,.66622573386218287,10,.065094707196203361,-1.996708783,GDSC1
Cisplatin,1005,PE-CA-PJ15,1240207,HNSC,aero_digestive_tract,head_and_neck,3.4086261313392239,.94253437984776678,10,.17523123486987444,.49784789012132841,GDSC1
Cisplatin,1005,BICR10,1290724,HNSC,aero_digestive_tract,head_and_neck,2.6192057645117695,.89017294034912076,10,.08449508628609434,-0.19763375,GDSC1
Cisplatin,1005,JHU-029,1298156,HNSC,aero_digestive_tract,head_and_neck,1.2454160145594457,.7354930580472937,10,.081269048990786116,-1.407946516,GDSC1
Cisplatin,1005,KON,1298215,HNSC,aero_digestive_tract,head_and_neck,2.5413367774255482,.90597389383111082,10,.11884764210216217,-0.266236554,GDSC1
Cisplatin,1005,OSC-19,1298362,HNSC,aero_digestive_tract,head_and_neck,4.8945944653762883,.98634511175898298,10,.028191763037483095,1.8069903153543367,GDSC1
Cisplatin,1005,PCI-30,1298529,HNSC,aero_digestive_tract,head_and_neck,2.5030558559974212,.8632379118499629,10,.094424205471833236,-0.299962157,GDSC1
Cisplatin,1005,PCI-4B,1298531,HNSC,aero_digestive_tract,head_and_neck,1.2711085056966158,.76473098522474525,10,.05378277536744596,-1.385311356,GDSC1
Cisplatin,1005,SAT,1299050,HNSC,aero_digestive_tract,head_and_neck,2.2559262408566498,.82125910080474296,10,.035836611731771474,-0.517684067,GDSC1
Cisplatin,1005,SCC90,1299052,HNSC,aero_digestive_tract,head_and_neck,2.8746322952062577,.87310027493333031,10,.076765137028233427,.027397767005076287,GDSC1
Cisplatin,1005,SKN-3,1299059,HNSC,aero_digestive_tract,head_and_neck,1.7012110495723003,.79484124989623783,10,.12507721866742913,-1.006389764,GDSC1
,,,,,,,,,,,,
Cisplatin,1496,BB30-HNC,753531,HNSC,aero_digestive_tract,head_and_neck,.35633255685954818,.79747452978917188,3,.059166002670679195,-1.27329333,GDSC1
Cisplatin,1496,BB49-HNC,753532,HNSC,aero_digestive_tract,head_and_neck,.71172685362667509,.80068881772111422,3,.080154338690823015,-0.983194759,GDSC1
Cisplatin,1496,BHY,753535,HNSC,aero_digestive_tract,head_and_neck,1.3323964948825313,.90047087173107343,3,.043356074216295788,-0.476559234,GDSC1
Cisplatin,1496,Ca9-22,753538,HNSC,aero_digestive_tract,head_and_neck,.58325436752893534,.83602840529670841,3,.11753367233224303,-1.088063309,GDSC1
Cisplatin,1496,CAL-33,753541,HNSC,aero_digestive_tract,head_and_neck,1.1760714963065806,.88286965811941398,3,.085528143217356023,-0.604163023,GDSC1
Cisplatin,1496,HO-1-u-1,753561,HNSC,aero_digestive_tract,head_and_neck,3.2206945112382561,.98734902176626504,3,.04156185634677699,1.0648064034288869,GDSC1
Cisplatin,1496,HSC-2,753562,HNSC,aero_digestive_tract,head_and_neck,.86208166375755158,.86777874779158948,3,.10982328408232353,-0.860464271,GDSC1
Cisplatin,1496,KOSC-2,753570,HNSC,aero_digestive_tract,head_and_neck,.58328491803364624,.80275599901273131,3,.076668460878441549,-1.088038372,GDSC1
Cisplatin,1496,LB771-HNC,753583,HNSC,aero_digestive_tract,head_and_neck,2.5094376098134727,.94309890511447381,3,.018941590770111941,.48422699400724784,GDSC1
Cisplatin,1496,Detroit562,906837,HNSC,aero_digestive_tract,head_and_neck,2.9512193419968868,.97799024884413277,3,.02006829666085699,.84484124836529784,GDSC1
Cisplatin,1496,FADU,906863,HNSC,aero_digestive_tract,head_and_neck,.91871485656219853,.86259033499216264,3,.020944555477264558,-0.814236156,GDSC1
Cisplatin,1496,HSC-3,907061,HNSC,aero_digestive_tract,head_and_neck,-0.42021394,.70713589634372198,3,.068582473829548865,-1.907166837,GDSC1
Cisplatin,1496,HSC-4,907062,HNSC,aero_digestive_tract,head_and_neck,-0.707313313,.63449092480567237,3,.04321803689347211,-2.141518145,GDSC1
Cisplatin,1496,SAS,909708,HNSC,aero_digestive_tract,head_and_neck,.39264431190818055,.79357139317106329,3,.11384958374349939,-1.243653045,GDSC1
Cisplatin,1496,SCC-9,909709,HNSC,aero_digestive_tract,head_and_neck,2.1649148546964052,.90961499112775712,3,.073701058505455122,.2030025625852129,GDSC1
Cisplatin,1496,SCC-25,910701,HNSC,aero_digestive_tract,head_and_neck,2.5411067529684113,.95550981950981484,3,.028130450409814371,.51007764289789759,GDSC1
Cisplatin,1496,SCC-4,910904,HNSC,aero_digestive_tract,head_and_neck,1.9315701390607469,.91628804908045547,3,.04750551654877179,.012529701198520935,GDSC1
Cisplatin,1496,SCC-15,910911,HNSC,aero_digestive_tract,head_and_neck,.60930745013436893,.79653303911101903,3,.047880281089106635,-1.066796896,GDSC1
Cisplatin,1496,CAL-27,910916,HNSC,aero_digestive_tract,head_and_neck,-0.104573473,.73950793853201946,3,.019649612759249781,-1.649518222,GDSC1
Cisplatin,1496,DOK,910936,HNSC,aero_digestive_tract,head_and_neck,2.1262891238722323,.89868488011313197,3,.041598236594252561,.17147344287409966,GDSC1
Cisplatin,1496,HO-1-N-1,924111,HNSC,aero_digestive_tract,head_and_neck,3.2878441969645378,.98625524472705584,3,.048429442975376706,1.1196188415278598,GDSC1
Cisplatin,1496,BICR22,1240121,HNSC,aero_digestive_tract,head_and_neck,.5780266748095928,.80927644731466164,3,.070703079240392555,-1.092330531,GDSC1
Cisplatin,1496,BICR78,1240122,HNSC,aero_digestive_tract,head_and_neck,.9218696252164682,.83763592823953426,3,.080976744496283407,-0.811661005,GDSC1
Cisplatin,1496,JHU-011,1240161,HNSC,aero_digestive_tract,head_and_neck,.22717691846176905,.78758283008167607,3,.13488950195191093,-1.378719519,GDSC1
Cisplatin,1496,JHU-022,1240162,HNSC,aero_digestive_tract,head_and_neck,1.3430891882121718,.86358900438796149,3,.037181834480568325,-0.467831083,GDSC1
Cisplatin,1496,OSC-20,1240196,HNSC,aero_digestive_tract,head_and_neck,1.3758133687440923,.87749619966819314,3,.032189805901869879,-0.441119236,GDSC1
Cisplatin,1496,PCI-15A,1240204,HNSC,aero_digestive_tract,head_and_neck,.49377923570629384,.81752055969266801,3,.04600202519850817,-1.161099394,GDSC1
Cisplatin,1496,PCI-38,1240205,HNSC,aero_digestive_tract,head_and_neck,1.6824009950232082,.91635263829732172,3,.057407796651624224,-0.190860205,GDSC1
Cisplatin,1496,PCI-6A,1240206,HNSC,aero_digestive_tract,head_and_neck,.95965246062329168,.86917492639629534,3,.080959481638200936,-0.780819918,GDSC1
Cisplatin,1496,PE-CA-PJ15,1240207,HNSC,aero_digestive_tract,head_and_neck,1.5487303484970529,.90431404951069827,3,.042578487346272231,-0.29997187,GDSC1
Cisplatin,1496,BICR10,1290724,HNSC,aero_digestive_tract,head_and_neck,2.5899696344520886,.9550000320924219,3,.018363195601296258,.54996306660008576,GDSC1
Cisplatin,1496,JHU-029,1298156,HNSC,aero_digestive_tract,head_and_neck,-0.411880503,.67785108896486967,3,.075875429309987391,-1.900364482,GDSC1
Cisplatin,1496,KON,1298215,HNSC,aero_digestive_tract,head_and_neck,.96354206796210562,.87336759187464863,3,.048840603284316164,-0.777644939,GDSC1
Cisplatin,1496,OSC-19,1298362,HNSC,aero_digestive_tract,head_and_neck,2.5284250985943837,.96015236997553854,3,.056069096792798034,.49972595788477031,GDSC1
Cisplatin,1496,PCI-30,1298529,HNSC,aero_digestive_tract,head_and_neck,1.6778279867772128,.89152887231768196,3,.036491078675186403,-0.194593026,GDSC1
Cisplatin,1496,PCI-4B,1298531,HNSC,aero_digestive_tract,head_and_neck,.07435000528674246,.76568835924142942,3,.056172271790651825,-1.503467917,GDSC1
Cisplatin,1496,SAT,1299050,HNSC,aero_digestive_tract,head_and_neck,.65360828991544007,.78406835569816247,3,.030235035846954254,-1.030635341,GDSC1
Cisplatin,1496,SCC90,1299052,HNSC,aero_digestive_tract,head_and_neck,4.4041304499751108,.97703320384357584,3,.042789811352452467,2.0308125497648124,GDSC1
Cisplatin,1496,SKN-3,1299059,HNSC,aero_digestive_tract,head_and_neck,-0.496366053,.67086744371083962,3,.1160855924966476,-1.969327709,GDSC1
,,,,,,,,,,,,
,,,,,,,,,,,,
5-Fluorouracil,179,BB49-HNC,753532,HNSC,aero_digestive_tract,head_and_neck,6.5195107030214787,.9770879537712347,32,.034770738867811957,1.677221796366593,GDSC1
5-Fluorouracil,179,BHY,753535,HNSC,aero_digestive_tract,head_and_neck,3.5068352670996878,.88443209600686767,32,.043282548107585916,-0.023733418,GDSC1
5-Fluorouracil,179,Ca9-22,753538,HNSC,aero_digestive_tract,head_and_neck,3.2132434470724194,.86460245247960765,32,.10016668781377121,-0.189495229,GDSC1
5-Fluorouracil,179,CAL-33,753541,HNSC,aero_digestive_tract,head_and_neck,2.0356001123774501,.70655253989385303,32,.27942376891209952,-0.854392134,GDSC1
5-Fluorouracil,179,HO-1-u-1,753561,HNSC,aero_digestive_tract,head_and_neck,3.3885871216822006,.88553396127939665,32,.066538281165581539,-0.090496269,GDSC1
5-Fluorouracil,179,HSC-2,753562,HNSC,aero_digestive_tract,head_and_neck,5.6667749360548996,.98758039464662528,32,.027066086304522181,1.1957675606733018,GDSC1
5-Fluorouracil,179,KOSC-2,753570,HNSC,aero_digestive_tract,head_and_neck,5.1181213539689088,.95259751688765304,32,.045612810406272429,.88599799165046311,GDSC1
5-Fluorouracil,179,LB771-HNC,753583,HNSC,aero_digestive_tract,head_and_neck,4.6057342685354472,.93076589415879329,32,.045159438358139348,.59670447054716846,GDSC1
5-Fluorouracil,179,Detroit562,906837,HNSC,aero_digestive_tract,head_and_neck,5.1880663698905485,.97494878655377137,32,.032293549893743771,.92548891660708921,GDSC1
5-Fluorouracil,179,FADU,906863,HNSC,aero_digestive_tract,head_and_neck,4.7478005765999445,.95889375490765993,32,.043375936896649765,.67691504504936462,GDSC1
5-Fluorouracil,179,HSC-3,907061,HNSC,aero_digestive_tract,head_and_neck,4.8804408312442336,.97757813056324383,32,.066241082703024187,.75180367397259884,GDSC1
5-Fluorouracil,179,HSC-4,907062,HNSC,aero_digestive_tract,head_and_neck,1.67866540807317,.63701943810497641,32,.21625470484949685,-1.055917309,GDSC1
5-Fluorouracil,179,SAS,909708,HNSC,aero_digestive_tract,head_and_neck,3.0055103747361342,.82113703741718513,32,.073489170291971981,-0.30678123,GDSC1
5-Fluorouracil,179,SCC-9,909709,HNSC,aero_digestive_tract,head_and_neck,3.3637189181045803,.82502748247629065,32,.093037875087032235,-0.104536845,GDSC1
5-Fluorouracil,179,SCC-25,910701,HNSC,aero_digestive_tract,head_and_neck,3.194277965978062,.8413351052212541,32,.062767461709148223,-0.200203132,GDSC1
5-Fluorouracil,179,SCC-4,910904,HNSC,aero_digestive_tract,head_and_neck,5.3473145846101131,.96158338298792656,32,.10516506824363377,1.0154003879835842,GDSC1
5-Fluorouracil,179,SCC-15,910911,HNSC,aero_digestive_tract,head_and_neck,3.6455844771736734,.85874485103205034,32,.091385303911681606,.054604324337078632,GDSC1
5-Fluorouracil,179,CAL-27,910916,HNSC,aero_digestive_tract,head_and_neck,.30926931433947297,.43870927211461996,32,.24095404358131864,-1.829077736,GDSC1
5-Fluorouracil,179,DOK,910936,HNSC,aero_digestive_tract,head_and_neck,6.6030316424925868,.97251944378947908,32,.040804598917865101,1.7243776817359748,GDSC1
5-Fluorouracil,179,HO-1-N-1,924111,HNSC,aero_digestive_tract,head_and_neck,3.7098728483269321,.90801402877128456,32,.19948480943907204,.090901510167178637,GDSC1
5-Fluorouracil,179,BICR22,1240121,HNSC,aero_digestive_tract,head_and_neck,3.7929276398944887,.88773383096734215,32,.11918228650592036,.13779420863703271,GDSC1
5-Fluorouracil,179,BICR78,1240122,HNSC,aero_digestive_tract,head_and_neck,3.9290599426680752,.89093253433538488,32,.12107192256481869,.21465444638474002,GDSC1
5-Fluorouracil,179,JHU-011,1240161,HNSC,aero_digestive_tract,head_and_neck,.011440797320518148,.39019468821615544,32,.21696042296174836,-1.997231585,GDSC1
5-Fluorouracil,179,JHU-022,1240162,HNSC,aero_digestive_tract,head_and_neck,4.7474020797948038,.92897278785827875,32,.12866579599516276,.67669005392998449,GDSC1
5-Fluorouracil,179,OSC-20,1240196,HNSC,aero_digestive_tract,head_and_neck,3.7554146330753713,.87847084219558402,32,.040174002961756806,.11661438163047626,GDSC1
5-Fluorouracil,179,PCI-15A,1240204,HNSC,aero_digestive_tract,head_and_neck,5.8165816960837953,.98547570933252038,32,.057295495449039127,1.2803483909203659,GDSC1
5-Fluorouracil,179,PCI-38,1240205,HNSC,aero_digestive_tract,head_and_neck,2.3894353521235496,.75181172870391499,32,.11549742105067634,-0.654616914,GDSC1
5-Fluorouracil,179,PCI-6A,1240206,HNSC,aero_digestive_tract,head_and_neck,3.0205679112844268,.83756597808953859,32,.12858847872339349,-0.298279751,GDSC1
5-Fluorouracil,179,PE-CA-PJ15,1240207,HNSC,aero_digestive_tract,head_and_neck,3.998480495036477,.91001962883025467,32,.10398615202521799,.25384925945189835,GDSC1
5-Fluorouracil,179,BICR10,1290724,HNSC,aero_digestive_tract,head_and_neck,5.7545933537449692,.97693558655296964,32,.053643762517075991,1.2453498003384333,GDSC1
5-Fluorouracil,179,BICR31,1290725,HNSC,aero_digestive_tract,head_and_neck,5.1186388063900186,.96401368518869179,32,.065697534440375557,.88629014505784198,GDSC1
5-Fluorouracil,179,KON,1298215,HNSC,aero_digestive_tract,head_and_neck,5.5884133299286507,.98453465076720881,32,.056694817797748757,1.1515246326213693,GDSC1
5-Fluorouracil,179,OSC-19,1298362,HNSC,aero_digestive_tract,head_and_neck,5.0632294398091942,.96568291735550282,32,.042643209407999497,.8550060412699616,GDSC1
5-Fluorouracil,179,PCI-30,1298529,HNSC,aero_digestive_tract,head_and_neck,6.104689189416689,.97448936137489328,32,.041247031728732154,1.443013753830533,GDSC1
5-Fluorouracil,179,PCI-4B,1298531,HNSC,aero_digestive_tract,head_and_neck,.21272484351790344,.42281529657478401,32,.21087682396633778,-1.883586702,GDSC1
5-Fluorouracil,179,SAT,1299050,HNSC,aero_digestive_tract,head_and_neck,5.214938380089051,.93402323205448323,32,.06174921352388197,.94066084164277186,GDSC1
5-Fluorouracil,179,SKN-3,1299059,HNSC,aero_digestive_tract,head_and_neck,3.8910898964343628,.88898248203828478,32,.050935195111603604,.19321657512747933,GDSC1
,,,,,,,,,,,,
,,,,,,,,,,,,
,,,,,,,,,,,,
Doxorubicin,133,BB30-HNC,753531,HNSC,aero_digestive_tract,head_and_neck,-3.837551212,.33058150155392485,1.024,.092610215980627492,-1.252051705,GDSC1
Doxorubicin,133,BHY,753535,HNSC,aero_digestive_tract,head_and_neck,-3.539576077,.37381895610022675,1.024,.083635510692812221,-1.071967679,GDSC1
Doxorubicin,133,Ca9-22,753538,HNSC,aero_digestive_tract,head_and_neck,-3.596951037,.36188662541140038,1.024,.17287567842501744,-1.106642766,GDSC1
Doxorubicin,133,CAL-33,753541,HNSC,aero_digestive_tract,head_and_neck,-3.017783219,.45722220853680862,1.024,.11905136365808905,-0.756617343,GDSC1
Doxorubicin,133,HO-1-u-1,753561,HNSC,aero_digestive_tract,head_and_neck,-2.128546056,.6026040698743963,1.024,.06764347602975114,-0.219198647,GDSC1
Doxorubicin,133,HSC-2,753562,HNSC,aero_digestive_tract,head_and_neck,-3.555908802,.36786709323750499,1.024,.048377358763295276,-1.081838512,GDSC1
Doxorubicin,133,KOSC-2,753570,HNSC,aero_digestive_tract,head_and_neck,-2.95956881,.46878517481664927,1.024,.21428689080923943,-0.721434927,GDSC1
Doxorubicin,133,LB771-HNC,753583,HNSC,aero_digestive_tract,head_and_neck,.92603015379319131,.91815182314129684,1.024,.15684658525766845,1.626862712171097,GDSC1
Doxorubicin,133,Detroit562,906837,HNSC,aero_digestive_tract,head_and_neck,-1.66424356,.67237365283247919,1.024,.066508869169907767,.061406857491353148,GDSC1
Doxorubicin,133,FADU,906863,HNSC,aero_digestive_tract,head_and_neck,-2.139396123,.59735247947108172,1.024,.096382153030796003,-0.225755985,GDSC1
Doxorubicin,133,HSC-3,907061,HNSC,aero_digestive_tract,head_and_neck,-2.797343738,.4917805098101915,1.024,.10164689908200154,-0.623392706,GDSC1
Doxorubicin,133,HSC-4,907062,HNSC,aero_digestive_tract,head_and_neck,-2.517160312,.53277378303781764,1.024,.072571483618152716,-0.454061263,GDSC1
Doxorubicin,133,SAS,909708,HNSC,aero_digestive_tract,head_and_neck,-2.132387514,.59472386367039498,1.024,.067312582653230632,-0.221520267,GDSC1
Doxorubicin,133,SCC-25,910701,HNSC,aero_digestive_tract,head_and_neck,-1.897259365,.63022922933692915,1.024,.080249354934664688,-0.079418398,GDSC1
Doxorubicin,133,SCC-4,910904,HNSC,aero_digestive_tract,head_and_neck,-1.751580501,.64607150003783564,1.024,.067617471407937849,.00862396980790546,GDSC1
Doxorubicin,133,SCC-15,910911,HNSC,aero_digestive_tract,head_and_neck,-1.616143091,.65862898233279088,1.024,.058498662632154662,.090476820365674268,GDSC1
Doxorubicin,133,CAL-27,910916,HNSC,aero_digestive_tract,head_and_neck,-3.884477292,.32257917888809873,1.024,.13546952765136561,-1.280411915,GDSC1
Doxorubicin,133,DOK,910936,HNSC,aero_digestive_tract,head_and_neck,-0.36279278,.78947746823190768,1.024,.15615568849688721,.84795066226004578,GDSC1
Doxorubicin,133,HO-1-N-1,924111,HNSC,aero_digestive_tract,head_and_neck,-1.728044754,.66468877618616362,1.024,.13573246421037732,.022848015998228499,GDSC1
Doxorubicin,133,BICR22,1240121,HNSC,aero_digestive_tract,head_and_neck,-0.432307421,.81621179121425413,1.024,.094398822929871132,.80593884698045182,GDSC1
Doxorubicin,133,BICR78,1240122,HNSC,aero_digestive_tract,head_and_neck,-1.487719513,.68178379715770732,1.024,.077201993528380114,.16809079652351733,GDSC1
Doxorubicin,133,JHU-011,1240161,HNSC,aero_digestive_tract,head_and_neck,-4.384552241,.24766377799713024,1.024,.13146739991653589,-1.582636832,GDSC1
Doxorubicin,133,JHU-022,1240162,HNSC,aero_digestive_tract,head_and_neck,-0.521496459,.79033520528141676,1.024,.077496094263500501,.75203662740196309,GDSC1
Doxorubicin,133,OSC-20,1240196,HNSC,aero_digestive_tract,head_and_neck,-3.289971886,.41988206009372142,1.024,.11567527275214014,-0.92111708,GDSC1
Doxorubicin,133,PCI-15A,1240204,HNSC,aero_digestive_tract,head_and_neck,-1.824051863,.64661202024648901,1.024,.052307275405640584,-0.035174768,GDSC1
Doxorubicin,133,PCI-38,1240205,HNSC,aero_digestive_tract,head_and_neck,-0.440439571,.82540796188667342,1.024,.023501496038862472,.80102410696360016,GDSC1
Doxorubicin,133,PCI-6A,1240206,HNSC,aero_digestive_tract,head_and_neck,-4.202868833,.27375153552535791,1.024,.12559813163317543,-1.472834785,GDSC1
Doxorubicin,133,PE-CA-PJ15,1240207,HNSC,aero_digestive_tract,head_and_neck,-1.507448366,.68758180823407611,1.024,.047527449214343057,.1561674814933009,GDSC1
Doxorubicin,133,BICR10,1290724,HNSC,aero_digestive_tract,head_and_neck,.9857606618412591,.93157924240065304,1.024,.069175376504893832,1.6629613966618617,GDSC1
Doxorubicin,133,BICR31,1290725,HNSC,aero_digestive_tract,head_and_neck,-3.002457869,.46049980255358014,1.024,.082876684233866557,-0.747355327,GDSC1
Doxorubicin,133,JHU-029,1298156,HNSC,aero_digestive_tract,head_and_neck,-4.30527478,.28416636693376784,1.024,.065088033657805966,-1.534724765,GDSC1
Doxorubicin,133,KON,1298215,HNSC,aero_digestive_tract,head_and_neck,-3.327190259,.40589823287838911,1.024,.1223814234119336,-0.943610347,GDSC1
Doxorubicin,133,OSC-19,1298362,HNSC,aero_digestive_tract,head_and_neck,-3.086387184,.4466898083427242,1.024,.17646945060735822,-0.798078783,GDSC1
Doxorubicin,133,PCI-30,1298529,HNSC,aero_digestive_tract,head_and_neck,.80793943710397664,.90484799888726375,1.024,.10869352028510988,1.5554934962986711,GDSC1
Doxorubicin,133,PCI-4B,1298531,HNSC,aero_digestive_tract,head_and_neck,-3.73472999,.34379328047238633,1.024,.085058995658857495,-1.18991075,GDSC1
Doxorubicin,133,SAT,1299050,HNSC,aero_digestive_tract,head_and_neck,.70831880373800882,.87772763129931208,1.024,.077465448184510954,1.4952868459592126,GDSC1
Doxorubicin,133,SCC90,1299052,HNSC,aero_digestive_tract,head_and_neck,-0.919632884,.73399824457504315,1.024,.1232092097251288,.51141919975924122,GDSC1
Doxorubicin,133,SKN-3,1299059,HNSC,aero_digestive_tract,head_and_neck,1.4566846019825335,.94543185571502386,1.024,.038348017468599137,1.9475686315547436,GDSC1
,,,,,,,,,,,,
Doxorubicin,1386,BB30-HNC,753531,HNSC,aero_digestive_tract,head_and_neck,-3.249124589,.195864010750185,5,.061102370812376981,-1.161539372,GDSC1
Doxorubicin,1386,BB49-HNC,753532,HNSC,aero_digestive_tract,head_and_neck,-3.344401858,.22026550446605675,5,.09661177855831718,-1.230214341,GDSC1
Doxorubicin,1386,BHY,753535,HNSC,aero_digestive_tract,head_and_neck,-2.190251069,.3374236939037949,5,.075416836770786116,-0.398313196,GDSC1
Doxorubicin,1386,Ca9-22,753538,HNSC,aero_digestive_tract,head_and_neck,-2.345180304,.3099074272328326,5,.052305002746353975,-0.509984746,GDSC1
Doxorubicin,1386,CAL-33,753541,HNSC,aero_digestive_tract,head_and_neck,-2.915576502,.23726462603887655,5,.094656909657655677,-0.921121017,GDSC1
Doxorubicin,1386,HO-1-u-1,753561,HNSC,aero_digestive_tract,head_and_neck,-2.611119872,.26792868718620733,5,.090690914955715282,-0.701671511,GDSC1
Doxorubicin,1386,HSC-2,753562,HNSC,aero_digestive_tract,head_and_neck,-2.551998161,.27797645088468825,5,.03307469259389767,-0.659057133,GDSC1
Doxorubicin,1386,KOSC-2,753570,HNSC,aero_digestive_tract,head_and_neck,-3.056246838,.23830136153321968,5,.053395940194476084,-1.022514885,GDSC1
Doxorubicin,1386,LB771-HNC,753583,HNSC,aero_digestive_tract,head_and_neck,.070822705104386929,.67755007925024024,5,.04865395092486198,1.2314477313484213,GDSC1
Doxorubicin,1386,Detroit562,906837,HNSC,aero_digestive_tract,head_and_neck,-1.307877937,.47650195569127762,5,.061468167413769405,.23769314342626244,GDSC1
Doxorubicin,1386,FADU,906863,HNSC,aero_digestive_tract,head_and_neck,-3.541858704,.15936767229412263,5,.054135525219917921,-1.372539397,GDSC1
Doxorubicin,1386,HSC-3,907061,HNSC,aero_digestive_tract,head_and_neck,-3.499855896,.14391132195719791,5,.057068666818247682,-1.342264164,GDSC1
Doxorubicin,1386,HSC-4,907062,HNSC,aero_digestive_tract,head_and_neck,-2.480930529,.31940667910870757,5,.083076927179230528,-0.607832245,GDSC1
Doxorubicin,1386,SAS,909708,HNSC,aero_digestive_tract,head_and_neck,-4.020010025,.12620047032804316,5,.068884664582020139,-1.717186418,GDSC1
Doxorubicin,1386,SCC-9,909709,HNSC,aero_digestive_tract,head_and_neck,-1.305766066,.48021741109464944,5,.068375503671144519,.23921536013442288,GDSC1
Doxorubicin,1386,SCC-25,910701,HNSC,aero_digestive_tract,head_and_neck,-0.942535749,.5341767015658786,5,.085616279319122565,.50102839117999409,GDSC1
Doxorubicin,1386,SCC-4,910904,HNSC,aero_digestive_tract,head_and_neck,-0.608628483,.5823044074646273,5,.051070775735013396,.74170564032862585,GDSC1
Doxorubicin,1386,SCC-15,910911,HNSC,aero_digestive_tract,head_and_neck,-1.180843321,.49746144333038123,5,.084841976854491366,.32925851202573897,GDSC1
Doxorubicin,1386,CAL-27,910916,HNSC,aero_digestive_tract,head_and_neck,-2.738683426,.25965139126404335,5,.053026148408356004,-0.793618134,GDSC1
Doxorubicin,1386,DOK,910936,HNSC,aero_digestive_tract,head_and_neck,-1.755010249,.42107153036999867,5,.05268748909744423,-0.084595665,GDSC1
Doxorubicin,1386,HO-1-N-1,924111,HNSC,aero_digestive_tract,head_and_neck,-2.986114821,.21897283214571051,5,.060515815308750533,-0.97196438,GDSC1
Doxorubicin,1386,BICR22,1240121,HNSC,aero_digestive_tract,head_and_neck,-2.595080105,.29086732429376161,5,.048763264822751222,-0.690110197,GDSC1
Doxorubicin,1386,BICR78,1240122,HNSC,aero_digestive_tract,head_and_neck,-2.285918747,.33711700526570354,5,.032981716266209736,-0.467269568,GDSC1
Doxorubicin,1386,JHU-011,1240161,HNSC,aero_digestive_tract,head_and_neck,-4.485383863,.074729476631733238,5,.10356704913274178,-2.052623548,GDSC1
Doxorubicin,1386,JHU-022,1240162,HNSC,aero_digestive_tract,head_and_neck,-2.562087463,.30683725379046667,5,.058310502529379311,-0.666329408,GDSC1
Doxorubicin,1386,OSC-20,1240196,HNSC,aero_digestive_tract,head_and_neck,-2.154253021,.35519071330870955,5,.073426014515595717,-0.372366139,GDSC1
Doxorubicin,1386,PCI-15A,1240204,HNSC,aero_digestive_tract,head_and_neck,-1.881309757,.38541938025670941,5,.02805531183430748,-0.175631175,GDSC1
Doxorubicin,1386,PCI-38,1240205,HNSC,aero_digestive_tract,head_and_neck,-2.319590153,.32290519327004397,5,.075557787983772912,-0.491539604,GDSC1
Doxorubicin,1386,PCI-6A,1240206,HNSC,aero_digestive_tract,head_and_neck,-2.324392633,.31655256525690434,5,.1450944542094825,-0.495001187,GDSC1
Doxorubicin,1386,PE-CA-PJ15,1240207,HNSC,aero_digestive_tract,head_and_neck,-2.516883478,.29663391326155586,5,.032946103240177764,-0.633746796,GDSC1
Doxorubicin,1386,BICR10,1290724,HNSC,aero_digestive_tract,head_and_neck,-0.634324712,.58079260551936018,5,.093980185029483868,.72318403767050443,GDSC1
Doxorubicin,1386,JHU-029,1298156,HNSC,aero_digestive_tract,head_and_neck,-3.65857296,.17867381090303458,5,.027352390553822537,-1.456665946,GDSC1
Doxorubicin,1386,KON,1298215,HNSC,aero_digestive_tract,head_and_neck,-2.943757492,.22588522985818571,5,.038735019879064102,-0.941433611,GDSC1
Doxorubicin,1386,OSC-19,1298362,HNSC,aero_digestive_tract,head_and_neck,-1.828806566,.39550956004922599,5,.035224739995839957,-0.137787363,GDSC1
Doxorubicin,1386,PCI-30,1298529,HNSC,aero_digestive_tract,head_and_neck,-1.613928848,.43494267351666083,5,.093264794265713713,.017094495431730035,GDSC1
Doxorubicin,1386,PCI-4B,1298531,HNSC,aero_digestive_tract,head_and_neck,-3.171947318,.20099257685152883,5,.060174625395868313,-1.105910714,GDSC1
Doxorubicin,1386,SAT,1299050,HNSC,aero_digestive_tract,head_and_neck,-1.864737302,.40655497429430454,5,.0357448927682762,-0.163685903,GDSC1
Doxorubicin,1386,SCC90,1299052,HNSC,aero_digestive_tract,head_and_neck,.016738365454147398,.65635154541602991,5,.13432656876869017,1.1924642428095857,GDSC1
Doxorubicin,1386,SKN-3,1299059,HNSC,aero_digestive_tract,head_and_neck,-2.844858228,.26283494060374335,5,.051390303767390955,-0.870147943,GDSC1
,,,,,,,,,,,,
,,,,,,,,,,,,
Bleomycin,190,BB30-HNC,753531,HNSC,aero_digestive_tract,head_and_neck,-2.418970729,.054602067718104719,64,.083961843417594231,-1.802702814,
Bleomycin,190,BB49-HNC,753532,HNSC,aero_digestive_tract,head_and_neck,3.3935755245361126,.76094780361705328,64,.10505740150731838,.74582713009155877,
Bleomycin,190,BHY,753535,HNSC,aero_digestive_tract,head_and_neck,.48477314730642579,.35664156871800157,64,.099354621119589759,-0.5295468,
Bleomycin,190,Ca9-22,753538,HNSC,aero_digestive_tract,head_and_neck,-0.863991253,.1647706218099162,64,.16381366091150384,-1.12091697,
Bleomycin,190,CAL-33,753541,HNSC,aero_digestive_tract,head_and_neck,.42513020297606396,.34954040640633732,64,.12046689593578568,-0.555697445,
Bleomycin,190,HO-1-u-1,753561,HNSC,aero_digestive_tract,head_and_neck,1.9658774245233375,.59594544324568599,64,.19667029605426056,.11984822157182214,
Bleomycin,190,HSC-2,753562,HNSC,aero_digestive_tract,head_and_neck,1.0206423013547581,.43958889044341587,64,.044105212650853744,-0.294593214,
Bleomycin,190,LB771-HNC,753583,HNSC,aero_digestive_tract,head_and_neck,4.0612269820788551,.84409561073925454,64,.13283985752934768,1.0385610986108678,
Bleomycin,190,Detroit562,906837,HNSC,aero_digestive_tract,head_and_neck,2.2846323859511894,.64377074936874368,64,.13090010838697985,.2596073785238921,
Bleomycin,190,FADU,906863,HNSC,aero_digestive_tract,head_and_neck,1.2969411423633475,.48563187474462821,64,.13103879206095617,-0.173449083,
Bleomycin,190,HSC-3,907061,HNSC,aero_digestive_tract,head_and_neck,-0.273064267,.2319118445788062,64,.075217084337976775,-0.861823097,
Bleomycin,190,HSC-4,907062,HNSC,aero_digestive_tract,head_and_neck,5.3517625118738712,.92153937350520332,64,.069572233404721823,1.604400628928794,
Bleomycin,190,SAS,909708,HNSC,aero_digestive_tract,head_and_neck,1.3265366940325116,.49075208168078333,64,.19006500362827675,-0.160472816,
Bleomycin,190,SCC-25,910701,HNSC,aero_digestive_tract,head_and_neck,-0.359816142,.24511932784027968,64,.072060370616688352,-0.899859741,
Bleomycin,190,SCC-4,910904,HNSC,aero_digestive_tract,head_and_neck,.76999174784410318,.40865277220142071,64,.14453007048909491,-0.404491771,
Bleomycin,190,SCC-15,910911,HNSC,aero_digestive_tract,head_and_neck,3.314439351375821,.7577126722145846,64,.069387156467024716,.71112961575091138,
Bleomycin,190,CAL-27,910916,HNSC,aero_digestive_tract,head_and_neck,2.1697828095545719,.62400806961516242,64,.066722327341267804,.20925120555142304,
Bleomycin,190,DOK,910936,HNSC,aero_digestive_tract,head_and_neck,4.593993449264187,.85983274192512837,64,.14079990785181479,1.2721543012785788,
Bleomycin,190,HO-1-N-1,924111,HNSC,aero_digestive_tract,head_and_neck,1.6486513803274347,.5430753871727545,64,.132322943562802,-0.019240577,
Bleomycin,190,BICR22,1240121,HNSC,aero_digestive_tract,head_and_neck,-0.537456128,.22825845912964837,64,.20345852051614935,-0.977746575,
Bleomycin,190,BICR78,1240122,HNSC,aero_digestive_tract,head_and_neck,3.0980597302265283,.74029615143579708,64,.16415164556689105,.6162572620847292,
Bleomycin,190,JHU-011,1240161,HNSC,aero_digestive_tract,head_and_neck,.041935456438724837,.2889398358196924,64,.14682299342305613,-0.723710436,
Bleomycin,190,JHU-022,1240162,HNSC,aero_digestive_tract,head_and_neck,3.6259800410428378,.79163221315444354,64,.25382340043471391,.84772565161836833,
Bleomycin,190,OSC-20,1240196,HNSC,aero_digestive_tract,head_and_neck,2.1192689232157145,.60801965502272703,64,.097627250997676662,.18710322662282106,
Bleomycin,190,PCI-15A,1240204,HNSC,aero_digestive_tract,head_and_neck,.35692046996317872,.33744908252323436,64,.17655248512116389,-0.585604225,
Bleomycin,190,PCI-38,1240205,HNSC,aero_digestive_tract,head_and_neck,2.2100132712560745,.6277727605731106,64,.21709307030231687,.22689038326338209,
Bleomycin,190,PCI-6A,1240206,HNSC,aero_digestive_tract,head_and_neck,1.7868488863380321,.5647039015024351,64,.11036300792668496,.041352572578439946,
Bleomycin,190,PE-CA-PJ15,1240207,HNSC,aero_digestive_tract,head_and_neck,4.0827106218924136,.86143799434873158,64,.055243471964728452,1.0479806708589519,
Bleomycin,190,BICR10,1290724,HNSC,aero_digestive_tract,head_and_neck,2.4387647821968832,.65823282582397447,64,.17223550512373531,.32718723253402743,
Bleomycin,190,BICR31,1290725,HNSC,aero_digestive_tract,head_and_neck,.07623033357754333,.30238644114921354,64,.14449672953759424,-0.708673735,
Bleomycin,190,JHU-029,1298156,HNSC,aero_digestive_tract,head_and_neck,.21465960720082541,.33419512747607383,64,.20035776155747015,-0.647978967,
Bleomycin,190,KON,1298215,HNSC,aero_digestive_tract,head_and_neck,-1.492587928,.10480192623622608,64,.14598516572945303,-1.396527241,
Bleomycin,190,OSC-19,1298362,HNSC,aero_digestive_tract,head_and_neck,1.2745044012772395,.48230948514138394,64,.20049792576503853,-0.183286545,
Bleomycin,190,PCI-30,1298529,HNSC,aero_digestive_tract,head_and_neck,6.9668223658648207,.97755383145123154,64,.053195548991483196,2.3125289122025849,
Bleomycin,190,PCI-4B,1298531,HNSC,aero_digestive_tract,head_and_neck,.95015723665622953,.4298781018730744,64,.074868707326538289,-0.325497622,
Bleomycin,190,SAT,1299050,HNSC,aero_digestive_tract,head_and_neck,4.6947367549159917,.86748202040490319,64,.093926474155990147,1.3163255336364721,
Bleomycin,190,SCC90,1299052,HNSC,aero_digestive_tract,head_and_neck,3.6618320579881973,.78168704534172639,64,.26382568077091462,.86344508588495905,
Bleomycin,190,SKN-3,1299059,HNSC,aero_digestive_tract,head_and_neck,3.2212099797760718,.75600443722710087,64,.21652957108979937,.67025289239079089,
,,,,,,,,,,,,
Bleomycin (50 uM),1378,BB30-HNC,753531,HNSC,aero_digestive_tract,head_and_neck,-2.325865507,.072713050984108296,50,.099888975151204804,-2.262767354,GDSC1
Bleomycin (50 uM),1378,BB49-HNC,753532,HNSC,aero_digestive_tract,head_and_neck,.86007272572921512,.46090342376578886,50,.14888883235080363,-0.717741332,GDSC1
Bleomycin (50 uM),1378,BHY,753535,HNSC,aero_digestive_tract,head_and_neck,2.1466601299149271,.65955389262565789,50,.14342496272947214,-0.09380864,GDSC1
Bleomycin (50 uM),1378,Ca9-22,753538,HNSC,aero_digestive_tract,head_and_neck,-0.66213554,.22080175818836134,50,.19046665834417387,-1.455938752,GDSC1
Bleomycin (50 uM),1378,CAL-33,753541,HNSC,aero_digestive_tract,head_and_neck,-0.318825306,.27708726668419725,50,.13483893501874011,-1.289449885,GDSC1
Bleomycin (50 uM),1378,HO-1-u-1,753561,HNSC,aero_digestive_tract,head_and_neck,-1.109849347,.16141792464142346,50,.14744356645216417,-1.673058303,GDSC1
Bleomycin (50 uM),1378,HSC-2,753562,HNSC,aero_digestive_tract,head_and_neck,-1.137239048,.16027664044119627,50,.12662260162926972,-1.686340985,GDSC1
Bleomycin (50 uM),1378,KOSC-2,753570,HNSC,aero_digestive_tract,head_and_neck,-0.213918877,.30631399586256636,50,.1221108030449575,-1.238575338,GDSC1
Bleomycin (50 uM),1378,LB771-HNC,753583,HNSC,aero_digestive_tract,head_and_neck,3.9042746838578744,.85222057503092508,50,.062608899446546074,.75854944928997203,GDSC1
Bleomycin (50 uM),1378,Detroit562,906837,HNSC,aero_digestive_tract,head_and_neck,1.5308763895549553,.56340435547606271,50,.1148316481644226,-0.392433984,GDSC1
Bleomycin (50 uM),1378,FADU,906863,HNSC,aero_digestive_tract,head_and_neck,2.431714510374356,.70133646599872368,50,.084126771688508351,.044428954372778356,GDSC1
Bleomycin (50 uM),1378,HSC-3,907061,HNSC,aero_digestive_tract,head_and_neck,-1.913360702,.076380035992793527,50,.071897422002349803,-2.062722466,GDSC1
Bleomycin (50 uM),1378,HSC-4,907062,HNSC,aero_digestive_tract,head_and_neck,-0.446374898,.28584716078667416,50,.080503271692766401,-1.351305271,GDSC1
Bleomycin (50 uM),1378,SAS,909708,HNSC,aero_digestive_tract,head_and_neck,-1.739909268,.12428437583500007,50,.065244354660679751,-1.978606906,GDSC1
Bleomycin (50 uM),1378,SCC-9,909709,HNSC,aero_digestive_tract,head_and_neck,3.1949331739678763,.76382254093239221,50,.23070473834756111,.41455310929006745,GDSC1
Bleomycin (50 uM),1378,SCC-25,910701,HNSC,aero_digestive_tract,head_and_neck,4.9362823178907549,.93746355098584777,50,.038936158537158476,1.2590232605777465,GDSC1
Bleomycin (50 uM),1378,SCC-4,910904,HNSC,aero_digestive_tract,head_and_neck,3.1500502684526284,.77721126182278033,50,.16555681101169831,.39278706992744628,GDSC1
Bleomycin (50 uM),1378,SCC-15,910911,HNSC,aero_digestive_tract,head_and_neck,1.0380129576777972,.48545059293272308,50,.11076965099378083,-0.631448922,GDSC1
Bleomycin (50 uM),1378,CAL-27,910916,HNSC,aero_digestive_tract,head_and_neck,-0.690853021,.22576972697773223,50,.13243455816075472,-1.469865342,GDSC1
Bleomycin (50 uM),1378,DOK,910936,HNSC,aero_digestive_tract,head_and_neck,1.8907749652774768,.59981440371290062,50,.13125811601717391,-0.217900574,GDSC1
Bleomycin (50 uM),1378,HO-1-N-1,924111,HNSC,aero_digestive_tract,head_and_neck,-0.790913563,.20495479293618235,50,.11533402698383846,-1.518389867,GDSC1
Bleomycin (50 uM),1378,BICR22,1240121,HNSC,aero_digestive_tract,head_and_neck,-1.790643154,.12574996990680964,50,.090608987898526866,-2.003210388,GDSC1
Bleomycin (50 uM),1378,BICR78,1240122,HNSC,aero_digestive_tract,head_and_neck,1.2929831773151628,.5228131625300847,50,.079633571385010829,-0.507800692,GDSC1
Bleomycin (50 uM),1378,JHU-011,1240161,HNSC,aero_digestive_tract,head_and_neck,-1.818430648,.10113480712710488,50,.088365079477867314,-2.016685979,GDSC1
Bleomycin (50 uM),1378,JHU-022,1240162,HNSC,aero_digestive_tract,head_and_neck,.017767298191989245,.34304527226605352,50,.1186672908707271,-1.126218744,GDSC1
Bleomycin (50 uM),1378,OSC-20,1240196,HNSC,aero_digestive_tract,head_and_neck,.58129916812274607,.41738935066878824,50,.14357020698704304,-0.85293303,GDSC1
Bleomycin (50 uM),1378,PCI-15A,1240204,HNSC,aero_digestive_tract,head_and_neck,-1.364317825,.14575706747820194,50,.12654208752046786,-1.796463213,GDSC1
Bleomycin (50 uM),1378,PCI-38,1240205,HNSC,aero_digestive_tract,head_and_neck,-0.205239048,.29599729786206064,50,.1442003740460239,-1.234366041,GDSC1
Bleomycin (50 uM),1378,PCI-6A,1240206,HNSC,aero_digestive_tract,head_and_neck,.90998284060705015,.46286319581079582,50,.18878169602049416,-0.693537339,GDSC1
Bleomycin (50 uM),1378,PE-CA-PJ15,1240207,HNSC,aero_digestive_tract,head_and_neck,-0.596833236,.24535828058607156,50,.10348556860286269,-1.424270291,GDSC1
Bleomycin (50 uM),1378,BICR10,1290724,HNSC,aero_digestive_tract,head_and_neck,2.1659090822652716,.65448810209279495,50,.17661840986945843,-0.084473828,GDSC1
Bleomycin (50 uM),1378,JHU-029,1298156,HNSC,aero_digestive_tract,head_and_neck,-1.340382211,.18020094350491589,50,.087330389335629768,-1.784855598,GDSC1
Bleomycin (50 uM),1378,KON,1298215,HNSC,aero_digestive_tract,head_and_neck,1.2978361335483153,.5259164064794023,50,.19441209525844583,-0.505447242,GDSC1
Bleomycin (50 uM),1378,OSC-19,1298362,HNSC,aero_digestive_tract,head_and_neck,1.0493106418623295,.48573697299741847,50,.20122724918692866,-0.625970091,GDSC1
Bleomycin (50 uM),1378,PCI-30,1298529,HNSC,aero_digestive_tract,head_and_neck,2.0268810553527308,.62666370638270652,50,.1371473169869421,-0.1518957,GDSC1
Bleomycin (50 uM),1378,PCI-4B,1298531,HNSC,aero_digestive_tract,head_and_neck,-0.524885721,.24556781670853112,50,.081643604234807127,-1.389379224,GDSC1
Bleomycin (50 uM),1378,SAT,1299050,HNSC,aero_digestive_tract,head_and_neck,2.3244828240746287,.6552881223145216,50,.0850363903214163,-0.007573229,GDSC1
Bleomycin (50 uM),1378,SCC90,1299052,HNSC,aero_digestive_tract,head_and_neck,4.9914954266686768,.90488312231748336,50,.09042626527956131,1.2857989491210084,GDSC1
Bleomycin (50 uM),1378,SKN-3,1299059,HNSC,aero_digestive_tract,head_and_neck,-0.961519751,.2129714360995606,50,.12504954651021061,-1.60112562,GDSC1
,,,,,,,,,,,,
Bleomycin (10 uM),1392,BB30-HNC,753531,HNSC,aero_digestive_tract,head_and_neck,-2.280243768,.22998646057546279,10,.082813404845750754,-2.292815597,GDSC1
Bleomycin (10 uM),1392,BB49-HNC,753532,HNSC,aero_digestive_tract,head_and_neck,.78933049717442627,.67136754864944748,10,.10866147966358014,-0.627973083,GDSC1
Bleomycin (10 uM),1392,BHY,753535,HNSC,aero_digestive_tract,head_and_neck,1.5832486844680553,.80461480455399093,10,.14164210159705701,-0.197376317,GDSC1
Bleomycin (10 uM),1392,Ca9-22,753538,HNSC,aero_digestive_tract,head_and_neck,-0.268989928,.53313084131737432,10,.16519208688003156,-1.201973477,GDSC1
Bleomycin (10 uM),1392,CAL-33,753541,HNSC,aero_digestive_tract,head_and_neck,.1231095314331369,.59386116118855348,10,.097968794496628778,-0.98931081,GDSC1
Bleomycin (10 uM),1392,HO-1-u-1,753561,HNSC,aero_digestive_tract,head_and_neck,-1.146162111,.38830056474960184,10,.18552039897012271,-1.677724645,GDSC1
Bleomycin (10 uM),1392,KOSC-2,753570,HNSC,aero_digestive_tract,head_and_neck,-1.111850108,.40557564090118803,10,.2168988965980205,-1.659114872,GDSC1
Bleomycin (10 uM),1392,LB771-HNC,753583,HNSC,aero_digestive_tract,head_and_neck,3.4059288523674907,.92893383519841444,10,.010933624841132073,.79118925356787528,GDSC1
Bleomycin (10 uM),1392,Detroit562,906837,HNSC,aero_digestive_tract,head_and_neck,.96927592783484218,.72475778425524751,10,.12612772137740477,-0.530376225,GDSC1
Bleomycin (10 uM),1392,FADU,906863,HNSC,aero_digestive_tract,head_and_neck,2.4425848980132336,.89153834930686315,10,.055299163994631528,.268701171239212,GDSC1
Bleomycin (10 uM),1392,HSC-3,907061,HNSC,aero_digestive_tract,head_and_neck,-2.885530696,.13509268724739187,10,.11762137408754415,-2.621104579,GDSC1
Bleomycin (10 uM),1392,HSC-4,907062,HNSC,aero_digestive_tract,head_and_neck,-0.15117638,.54505522699061859,10,.049521345350123272,-1.138075038,GDSC1
Bleomycin (10 uM),1392,SAS,909708,HNSC,aero_digestive_tract,head_and_neck,-1.484899229,.34601093004589156,10,.060897308442682166,-1.861445222,GDSC1
Bleomycin (10 uM),1392,SCC-9,909709,HNSC,aero_digestive_tract,head_and_neck,1.9707273239118355,.80346504980331312,10,.11313698689795521,.012780159942936383,GDSC1
Bleomycin (10 uM),1392,SCC-25,910701,HNSC,aero_digestive_tract,head_and_neck,3.5227023437113218,.94657801415100051,10,.11787360324008953,.85452359773777131,GDSC1
Bleomycin (10 uM),1392,SCC-4,910904,HNSC,aero_digestive_tract,head_and_neck,1.9680384410428295,.82349073975305309,10,.14655281467149509,.01132179271336776,GDSC1
Bleomycin (10 uM),1392,SCC-15,910911,HNSC,aero_digestive_tract,head_and_neck,1.0282779874772414,.70600229624191091,10,.098034489062124613,-0.498375325,GDSC1
Bleomycin (10 uM),1392,CAL-27,910916,HNSC,aero_digestive_tract,head_and_neck,-0.906677232,.43033556152249419,10,.12954173566171065,-1.547835425,GDSC1
Bleomycin (10 uM),1392,DOK,910936,HNSC,aero_digestive_tract,head_and_neck,1.4659487952012784,.74303391408485564,10,.16803496889326514,-0.260996163,GDSC1
Bleomycin (10 uM),1392,HO-1-N-1,924111,HNSC,aero_digestive_tract,head_and_neck,-0.334457298,.52227434421964891,10,.10970713484697191,-1.237480961,GDSC1
Bleomycin (10 uM),1392,BICR22,1240121,HNSC,aero_digestive_tract,head_and_neck,-2.066915864,.26909708968820278,10,.071841745974063995,-2.177113114,GDSC1
Bleomycin (10 uM),1392,BICR78,1240122,HNSC,aero_digestive_tract,head_and_neck,.85312756248933996,.69011964698868922,10,.1418802579522585,-0.59337152,GDSC1
Bleomycin (10 uM),1392,JHU-011,1240161,HNSC,aero_digestive_tract,head_and_neck,-3.519052297,.093953228002592981,10,.16150419994472268,-2.964707178,GDSC1
Bleomycin (10 uM),1392,JHU-022,1240162,HNSC,aero_digestive_tract,head_and_neck,-0.359274695,.51586353238888127,10,.10967984716741853,-1.250941153,GDSC1
Bleomycin (10 uM),1392,OSC-20,1240196,HNSC,aero_digestive_tract,head_and_neck,.074861936357440567,.58066921483769285,10,.10041278840358937,-1.015478819,GDSC1
Bleomycin (10 uM),1392,PCI-15A,1240204,HNSC,aero_digestive_tract,head_and_neck,-1.292898199,.36910580579853591,10,.16602015441021686,-1.757309778,GDSC1
Bleomycin (10 uM),1392,PCI-38,1240205,HNSC,aero_digestive_tract,head_and_neck,.30626721983314648,.6205885791459248,10,.15285235179544288,-0.889971722,GDSC1
Bleomycin (10 uM),1392,PCI-6A,1240206,HNSC,aero_digestive_tract,head_and_neck,.99368357823344944,.72762686744430149,10,.13242535142091888,-0.517138267,GDSC1
Bleomycin (10 uM),1392,PE-CA-PJ15,1240207,HNSC,aero_digestive_tract,head_and_neck,-1.343556832,.36597278570364578,10,.10557445000290111,-1.78478546,GDSC1
Bleomycin (10 uM),1392,BICR10,1290724,HNSC,aero_digestive_tract,head_and_neck,1.7263547962603869,.8061630625310936,10,.13295554354638209,-0.11975997,GDSC1
Bleomycin (10 uM),1392,JHU-029,1298156,HNSC,aero_digestive_tract,head_and_neck,-2.070776413,.27861598734830728,10,.11279128096553573,-2.179206957,GDSC1
Bleomycin (10 uM),1392,KON,1298215,HNSC,aero_digestive_tract,head_and_neck,.69017470920268742,.68527053117470393,10,.15825362978944554,-0.681752127,GDSC1
Bleomycin (10 uM),1392,OSC-19,1298362,HNSC,aero_digestive_tract,head_and_neck,1.2305465587641395,.75425485451476126,10,.10171226234466936,-0.388671084,GDSC1
Bleomycin (10 uM),1392,PCI-30,1298529,HNSC,aero_digestive_tract,head_and_neck,1.4863687430285504,.7633103125677424,10,.081371258144596684,-0.249921012,GDSC1
Bleomycin (10 uM),1392,PCI-4B,1298531,HNSC,aero_digestive_tract,head_and_neck,-0.701773178,.46264351933560111,10,.086854950859833926,-1.436701778,GDSC1
Bleomycin (10 uM),1392,SAT,1299050,HNSC,aero_digestive_tract,head_and_neck,1.972683061237013,.79526944750462425,10,.078367926327796322,.013840891616137723,GDSC1
Bleomycin (10 uM),1392,SCC90,1299052,HNSC,aero_digestive_tract,head_and_neck,5.6081032543010467,.97703320384357584,10,.042789811352452467,1.9855808050161889,GDSC1
Bleomycin (10 uM),1392,SKN-3,1299059,HNSC,aero_digestive_tract,head_and_neck,-0.022905549,.56637907617997596,10,.11017752921834539,-1.068504891,GDSC1
,,,,,,,,,,,,
,,,,,,,,,,,,
,,,,,,,,,,,,
Docetaxel,1007,BB30-HNC,753531,HNSC,aero_digestive_tract,head_and_neck,-6.835187787,.55074452941058105,.012500000000000001,.096792678842100799,-1.313315285,GDSC1
Docetaxel,1007,BB49-HNC,753532,HNSC,aero_digestive_tract,head_and_neck,-5.960534251,.66297437791359559,.012500000000000001,.084232562828594398,-0.712703064,GDSC1
Docetaxel,1007,BHY,753535,HNSC,aero_digestive_tract,head_and_neck,-6.01492162,.67955170224755179,.012500000000000001,.082453114998645952,-0.750050102,GDSC1
Docetaxel,1007,Ca9-22,753538,HNSC,aero_digestive_tract,head_and_neck,-7.650827203,.41850634642271833,.012500000000000001,.10290729103576267,-1.873403342,GDSC1
Docetaxel,1007,CAL-33,753541,HNSC,aero_digestive_tract,head_and_neck,-7.055478981,.51578861286013922,.012500000000000001,.093657582593173597,-1.464586133,GDSC1
Docetaxel,1007,HO-1-u-1,753561,HNSC,aero_digestive_tract,head_and_neck,-7.221370292,.4888872905025532,.012500000000000001,.13484839265140883,-1.578501352,GDSC1
Docetaxel,1007,HSC-2,753562,HNSC,aero_digestive_tract,head_and_neck,-7.167955445,.49779100516847052,.012500000000000001,.18695154606615438,-1.541822131,GDSC1
Docetaxel,1007,KOSC-2,753570,HNSC,aero_digestive_tract,head_and_neck,-8.499105519,.30749219249711524,.012500000000000001,.18060708672183959,-2.455904072,GDSC1
Docetaxel,1007,LB771-HNC,753583,HNSC,aero_digestive_tract,head_and_neck,-3.272782382,.92923147480365098,.012500000000000001,.049843925654726472,1.1329381538583292,GDSC1
Docetaxel,1007,Detroit562,906837,HNSC,aero_digestive_tract,head_and_neck,-6.662809868,.57953339585995922,.012500000000000001,.089709291049329135,-1.194945804,GDSC1
Docetaxel,1007,FADU,906863,HNSC,aero_digestive_tract,head_and_neck,-5.829766659,.70606201665450619,.012500000000000001,.15162984194515658,-0.622906807,GDSC1
Docetaxel,1007,HSC-3,907061,HNSC,aero_digestive_tract,head_and_neck,-8.500357288,.27863100236778626,.012500000000000001,.12176308781765501,-2.456763644,GDSC1
Docetaxel,1007,HSC-4,907062,HNSC,aero_digestive_tract,head_and_neck,-7.864130605,.4004846124106507,.012500000000000001,.16593792125143111,-2.019875774,GDSC1
Docetaxel,1007,SAS,909708,HNSC,aero_digestive_tract,head_and_neck,-6.047677675,.66731191649977362,.012500000000000001,.16523573498606425,-0.772543222,GDSC1
Docetaxel,1007,SCC-9,909709,HNSC,aero_digestive_tract,head_and_neck,-6.089737735,.64471273609533797,.012500000000000001,.11231215541844738,-0.80142527,GDSC1
Docetaxel,1007,SCC-25,910701,HNSC,aero_digestive_tract,head_and_neck,-6.981589172,.52681394598230802,.012500000000000001,.092605743674671934,-1.413847046,GDSC1
Docetaxel,1007,SCC-4,910904,HNSC,aero_digestive_tract,head_and_neck,-6.899915566,.5379793271216925,.012500000000000001,.081620936321403006,-1.357762936,GDSC1
Docetaxel,1007,SCC-15,910911,HNSC,aero_digestive_tract,head_and_neck,-4.799736855,.80388967343335271,.012500000000000001,.11085574290831991,.084400099994072511,GDSC1
Docetaxel,1007,CAL-27,910916,HNSC,aero_digestive_tract,head_and_neck,-7.609235604,.42749391458164843,.012500000000000001,.10746748736481054,-1.84484298,GDSC1
Docetaxel,1007,DOK,910936,HNSC,aero_digestive_tract,head_and_neck,-6.162059317,.63087411447752517,.012500000000000001,.11266663975451266,-0.851087478,GDSC1
Docetaxel,1007,HO-1-N-1,924111,HNSC,aero_digestive_tract,head_and_neck,-7.526373958,.43903623839267591,.012500000000000001,.12154982527012495,-1.787943058,GDSC1
Docetaxel,1007,BICR22,1240121,HNSC,aero_digestive_tract,head_and_neck,-7.993438481,.37419682102439611,.012500000000000001,.077139335433202075,-2.108669665,GDSC1
Docetaxel,1007,BICR78,1240122,HNSC,aero_digestive_tract,head_and_neck,-7.105142864,.50735321492767615,.012500000000000001,.07952661060606965,-1.49868962,GDSC1
Docetaxel,1007,JHU-011,1240161,HNSC,aero_digestive_tract,head_and_neck,-8.015587859,.36202821793100792,.012500000000000001,.091183901708430271,-2.123879329,GDSC1
Docetaxel,1007,JHU-022,1240162,HNSC,aero_digestive_tract,head_and_neck,-6.231262523,.63020309374018535,.012500000000000001,.11888677347817553,-0.898608342,GDSC1
Docetaxel,1007,OSC-20,1240196,HNSC,aero_digestive_tract,head_and_neck,-5.559777106,.7259849836678427,.012500000000000001,.1011575304436871,-0.437508798,GDSC1
Docetaxel,1007,PCI-15A,1240204,HNSC,aero_digestive_tract,head_and_neck,-4.54271123,.86499843492910955,.012500000000000001,.26156810835902916,.26089596404131526,GDSC1
Docetaxel,1007,PCI-38,1240205,HNSC,aero_digestive_tract,head_and_neck,-6.847211836,.54821613188779916,.012500000000000001,.099407861570552425,-1.321572029,GDSC1
Docetaxel,1007,PCI-6A,1240206,HNSC,aero_digestive_tract,head_and_neck,-8.514487934,.28727476471483815,.012500000000000001,.12304974916969078,-2.466466959,GDSC1
Docetaxel,1007,PE-CA-PJ15,1240207,HNSC,aero_digestive_tract,head_and_neck,-5.013535876,.80389473755532803,.012500000000000001,.099658207941455274,-0.062412665,GDSC1
Docetaxel,1007,BICR10,1290724,HNSC,aero_digestive_tract,head_and_neck,-6.058326908,.66451610920007176,.012500000000000001,.071231187556650352,-0.7798559,GDSC1
Docetaxel,1007,JHU-029,1298156,HNSC,aero_digestive_tract,head_and_neck,-6.897958126,.5372384152160774,.012500000000000001,.08393654469855566,-1.356418789,GDSC1
Docetaxel,1007,KON,1298215,HNSC,aero_digestive_tract,head_and_neck,-7.687548172,.41320480988542219,.012500000000000001,.074467974389634137,-1.898619113,GDSC1
Docetaxel,1007,OSC-19,1298362,HNSC,aero_digestive_tract,head_and_neck,-5.981581696,.68084255935330784,.012500000000000001,.13151991367556748,-0.727156047,GDSC1
Docetaxel,1007,PCI-30,1298529,HNSC,aero_digestive_tract,head_and_neck,-3.862096676,.88741999878513766,.012500000000000001,.073973362473455026,.72826435782141374,GDSC1
Docetaxel,1007,PCI-4B,1298531,HNSC,aero_digestive_tract,head_and_neck,-7.874605581,.38493923915638084,.012500000000000001,.097166950808005428,-2.027068792,GDSC1
Docetaxel,1007,SAT,1299050,HNSC,aero_digestive_tract,head_and_neck,-5.562899236,.70442004838140071,.012500000000000001,.1114065109868654,-0.43965272,GDSC1
Docetaxel,1007,SCC90,1299052,HNSC,aero_digestive_tract,head_and_neck,-4.429196247,.82423249879790683,.012500000000000001,.036766474607690516,.33884509802700052,GDSC1
Docetaxel,1007,SKN-3,1299059,HNSC,aero_digestive_tract,head_and_neck,-5.89762326,.68169673496985217,.012500000000000001,.06951026789815086,-0.669502976,GDSC1
,,,,,,,,,,,,
,,,,,,,,,,,,
Methotrexate,1008,BB30-HNC,753531,HNSC,aero_digestive_tract,head_and_neck,-1.812234948,.85673545413799079,.20000000000000001,.13684774925864029,-0.773415965,GDSC1
Methotrexate,1008,BB49-HNC,753532,HNSC,aero_digestive_tract,head_and_neck,1.2232363836866094,.9731913301375883,.20000000000000001,.046018254560228178,1.0530161529946773,GDSC1
Methotrexate,1008,BHY,753535,HNSC,aero_digestive_tract,head_and_neck,.015118537994834029,.97100321600906114,.20000000000000001,.079860512598971575,.32609601609964317,GDSC1
Methotrexate,1008,Ca9-22,753538,HNSC,aero_digestive_tract,head_and_neck,-0.525244419,.9583554699084158,.20000000000000001,.15679507693673719,.00096158014003179374,GDSC1
Methotrexate,1008,CAL-33,753541,HNSC,aero_digestive_tract,head_and_neck,-0.074219595,.96522578774529211,.20000000000000001,.07144222132324668,.27234158468658953,GDSC1
Methotrexate,1008,HO-1-u-1,753561,HNSC,aero_digestive_tract,head_and_neck,-0.990657328,.93847456597588974,.20000000000000001,.13204312882387156,-0.279075684,GDSC1
Methotrexate,1008,HSC-2,753562,HNSC,aero_digestive_tract,head_and_neck,-2.115009077,.83861671929752446,.20000000000000001,.15267827343341459,-0.955594063,GDSC1
Methotrexate,1008,KOSC-2,753570,HNSC,aero_digestive_tract,head_and_neck,-0.206000566,.9429602755500972,.20000000000000001,.07277132490624974,.19304945106140536,GDSC1
Methotrexate,1008,LB771-HNC,753583,HNSC,aero_digestive_tract,head_and_neck,1.3279608726221523,.98256721008655346,.20000000000000001,.032039402447313244,1.1160284991037583,GDSC1
Methotrexate,1008,Detroit562,906837,HNSC,aero_digestive_tract,head_and_neck,.16464116876523957,.97620097735611755,.20000000000000001,.068134463896968311,.4160632420752613,GDSC1
Methotrexate,1008,FADU,906863,HNSC,aero_digestive_tract,head_and_neck,.4547777257275521,.98045097826479477,.20000000000000001,.076774175270428402,.59063735871247725,GDSC1
Methotrexate,1008,HSC-3,907061,HNSC,aero_digestive_tract,head_and_neck,.24268980702029627,.98663123443872802,.20000000000000001,.24878817733756578,.46302482534063383,GDSC1
Methotrexate,1008,HSC-4,907062,HNSC,aero_digestive_tract,head_and_neck,.67482661621847362,.96255402847235549,.20000000000000001,.066892859768739474,.72303998000449876,GDSC1
Methotrexate,1008,SAS,909708,HNSC,aero_digestive_tract,head_and_neck,-0.059949831,.95887395572468881,.20000000000000001,.12345459055608292,.2809276499699736,GDSC1
Methotrexate,1008,SCC-9,909709,HNSC,aero_digestive_tract,head_and_neck,1.0607141951120813,.96833869861543187,.20000000000000001,.024954455138295081,.95522714011950671,GDSC1
Methotrexate,1008,SCC-25,910701,HNSC,aero_digestive_tract,head_and_neck,.36630528965110065,.97172846063460305,.20000000000000001,.052555317962654301,.53740381401030002,GDSC1
Methotrexate,1008,SCC-4,910904,HNSC,aero_digestive_tract,head_and_neck,.89621781301853809,.97657777565726955,.20000000000000001,.05045970086295732,.85625026214639266,GDSC1
Methotrexate,1008,SCC-15,910911,HNSC,aero_digestive_tract,head_and_neck,-0.773350146,.90531989941286151,.20000000000000001,.1098367559083616,-0.148322738,GDSC1
Methotrexate,1008,CAL-27,910916,HNSC,aero_digestive_tract,head_and_neck,-0.011253046,.96833740752050401,.20000000000000001,.1217279960873973,.31022832944539813,GDSC1
Methotrexate,1008,DOK,910936,HNSC,aero_digestive_tract,head_and_neck,.61811354901448834,.95068813170310307,.20000000000000001,.14021596863177616,.68891593265044937,GDSC1
Methotrexate,1008,HO-1-N-1,924111,HNSC,aero_digestive_tract,head_and_neck,-0.017905226,.97432455120379591,.20000000000000001,.12680409070480211,.30622573705700584,GDSC1
Methotrexate,1008,BICR22,1240121,HNSC,aero_digestive_tract,head_and_neck,.065855213437321841,.95899303232873767,.20000000000000001,.076402430079084371,.35662409015282759,GDSC1
Methotrexate,1008,BICR78,1240122,HNSC,aero_digestive_tract,head_and_neck,.86358686195934797,.97525358417821395,.20000000000000001,.045690493147348403,.83661633694981608,GDSC1
Methotrexate,1008,JHU-011,1240161,HNSC,aero_digestive_tract,head_and_neck,-4.306945079,.51219463086145478,.20000000000000001,.07441637418652873,-2.274474025,GDSC1
Methotrexate,1008,JHU-022,1240162,HNSC,aero_digestive_tract,head_and_neck,.12247552010606241,.94779908646909483,.20000000000000001,.045104454055519029,.39069232382841923,GDSC1
Methotrexate,1008,OSC-20,1240196,HNSC,aero_digestive_tract,head_and_neck,.22457611555101603,.9595667235981955,.20000000000000001,.037617455306977084,.45212588271721449,GDSC1
Methotrexate,1008,PCI-15A,1240204,HNSC,aero_digestive_tract,head_and_neck,.88497633253806229,.9874131692157273,.20000000000000001,.027008281678000408,.84948630401191849,GDSC1
Methotrexate,1008,PCI-38,1240205,HNSC,aero_digestive_tract,head_and_neck,-2.170563502,.81467872095228189,.20000000000000001,.16999957795936999,-0.98902096,GDSC1
Methotrexate,1008,PCI-6A,1240206,HNSC,aero_digestive_tract,head_and_neck,-2.003505479,.843136806183862,.20000000000000001,.10862996273877015,-0.888502752,GDSC1
Methotrexate,1008,PE-CA-PJ15,1240207,HNSC,aero_digestive_tract,head_and_neck,.8678031025702585,.98239467381326606,.20000000000000001,.10002094348755619,.83915323367143546,GDSC1
Methotrexate,1008,BICR10,1290724,HNSC,aero_digestive_tract,head_and_neck,.93432424672002845,.98149470622310764,.20000000000000001,.023530369832460516,.87917876543905582,GDSC1
Methotrexate,1008,JHU-029,1298156,HNSC,aero_digestive_tract,head_and_neck,-0.057820537,.94407655232633281,.20000000000000001,.038187231139960261,.28220883865225849,GDSC1
Methotrexate,1008,KON,1298215,HNSC,aero_digestive_tract,head_and_neck,-3.379162901,.66118465748227773,.20000000000000001,.15229232699535114,-1.716230845,GDSC1
Methotrexate,1008,OSC-19,1298362,HNSC,aero_digestive_tract,head_and_neck,.98012415824728061,.98631336272729841,.20000000000000001,.043508706352426783,.90673640650519438,GDSC1
Methotrexate,1008,PCI-30,1298529,HNSC,aero_digestive_tract,head_and_neck,1.3614177478697458,.98017477944365794,.20000000000000001,.078248279185753125,1.1361593798963805,GDSC1
Methotrexate,1008,PCI-4B,1298531,HNSC,aero_digestive_tract,head_and_neck,-2.471102762,.78678073634359225,.20000000000000001,.10883391632522273,-1.169854345,GDSC1
Methotrexate,1008,SAT,1299050,HNSC,aero_digestive_tract,head_and_neck,-0.339060212,.91220554159509493,.20000000000000001,.11104672170538288,.11298794371264902,GDSC1
Methotrexate,1008,SCC90,1299052,HNSC,aero_digestive_tract,head_and_neck,1.8914068004251936,.97987970824455428,.20000000000000001,.033157016375966956,1.4550518753680235,GDSC1
Methotrexate,1008,SKN-3,1299059,HNSC,aero_digestive_tract,head_and_neck,-0.493394266,.93112201681940587,.20000000000000001,.06548585465134342,.020125701463941742,GDSC1
,,,,,,,,,,,,
,,,,,,,,,,,,
Paclitaxel,11,BB30-HNC,753531,HNSC,aero_digestive_tract,head_and_neck,-5.766064808,.3873427314826321,0.1024,.12784595360261097,-1.422082238,GDSC1
Paclitaxel,11,BB49-HNC,753532,HNSC,aero_digestive_tract,head_and_neck,.422329050151525,.97058582014673678,0.1024,.16044692440321276,1.7963620672782545,GDSC1
Paclitaxel,11,LB771-HNC,753583,HNSC,aero_digestive_tract,head_and_neck,-3.707233623,.69234103078396714,0.1024,.067617862227092304,-0.351330496,GDSC1
Paclitaxel,11,SCC-15,910911,HNSC,aero_digestive_tract,head_and_neck,-0.729567728,.94107039902101697,0.1024,.041534129006571739,1.1972864895187378,GDSC1
